ham,method,seed,energy_opt,exact_E,gap,n_circuits,n_steps,wall_time
"XXZ (Jxy=1, Jz=0.5, h=0.1)",SIGMA-QGD v8.0,0,-6.743816,-6.744563,0.000747,9900,300,32.021
"XXZ (Jxy=1, Jz=0.5, h=0.1)",Adam (best),0,-6.744562,-6.744563,0.0,9900,300,31.819
"XXZ (Jxy=1, Jz=0.5, h=0.1)",COBYLA,0,-6.624353,-6.744563,0.12021,300,300,1.691
"XXZ (Jxy=1, Jz=0.5, h=0.1)",SPSA,0,-6.326732,-6.744563,0.417831,900,300,2.91
"XXZ (Jxy=1, Jz=0.5, h=0.1)",Diag-QNG,0,-6.743699,-6.744563,0.000863,9900,300,38.711
"XXZ (Jxy=1, Jz=0.5, h=0.1)",QN-SPSA,0,-0.795441,-6.744563,5.949122,1500,300,4.785
"XXZ (Jxy=1, Jz=0.5, h=0.1)",SIGMA-QGD v8.0,1,-6.744541,-6.744563,2.2e-05,9900,300,31.42
"XXZ (Jxy=1, Jz=0.5, h=0.1)",Adam (best),1,-6.744563,-6.744563,0.0,9900,300,32.314
"XXZ (Jxy=1, Jz=0.5, h=0.1)",COBYLA,1,-6.71681,-6.744563,0.027753,300,300,1.695
"XXZ (Jxy=1, Jz=0.5, h=0.1)",SPSA,1,-6.160544,-6.744563,0.584018,900,300,3.01
"XXZ (Jxy=1, Jz=0.5, h=0.1)",Diag-QNG,1,-6.743317,-6.744563,0.001245,9900,300,38.606
"XXZ (Jxy=1, Jz=0.5, h=0.1)",QN-SPSA,1,-1.495252,-6.744563,5.249311,1500,300,4.87
"XXZ (Jxy=1, Jz=0.5, h=0.1)",SIGMA-QGD v8.0,2,-6.744114,-6.744563,0.000449,9900,300,32.203
"XXZ (Jxy=1, Jz=0.5, h=0.1)",Adam (best),2,-6.744563,-6.744563,0.0,9900,300,32.831
"XXZ (Jxy=1, Jz=0.5, h=0.1)",COBYLA,2,-6.566635,-6.744563,0.177927,300,300,1.69
"XXZ (Jxy=1, Jz=0.5, h=0.1)",SPSA,2,-6.437389,-6.744563,0.307174,900,300,2.909
"XXZ (Jxy=1, Jz=0.5, h=0.1)",Diag-QNG,2,-6.74238,-6.744563,0.002182,9900,300,38.411
"XXZ (Jxy=1, Jz=0.5, h=0.1)",QN-SPSA,2,-0.334466,-6.744563,6.410096,1500,300,4.9
"XXZ (Jxy=1, Jz=0.5, h=0.1)",SIGMA-QGD v8.0,3,-6.744562,-6.744563,1e-06,9372,284,30.245
"XXZ (Jxy=1, Jz=0.5, h=0.1)",Adam (best),3,-6.744533,-6.744563,2.9e-05,9900,300,31.967
"XXZ (Jxy=1, Jz=0.5, h=0.1)",COBYLA,3,-6.710164,-6.744563,0.034398,300,300,1.613
"XXZ (Jxy=1, Jz=0.5, h=0.1)",SPSA,3,-5.447451,-6.744563,1.297111,900,300,2.823
"XXZ (Jxy=1, Jz=0.5, h=0.1)",Diag-QNG,3,-6.730439,-6.744563,0.014124,9900,300,38.221
"XXZ (Jxy=1, Jz=0.5, h=0.1)",QN-SPSA,3,-0.695167,-6.744563,6.049396,1500,300,4.976
"XXZ (Jxy=1, Jz=0.5, h=0.1)",SIGMA-QGD v8.0,4,-6.744562,-6.744563,1e-06,5709,173,19.36
"XXZ (Jxy=1, Jz=0.5, h=0.1)",Adam (best),4,-6.744563,-6.744563,0.0,9900,300,31.897
"XXZ (Jxy=1, Jz=0.5, h=0.1)",COBYLA,4,-6.729963,-6.744563,0.0146,300,300,1.628
"XXZ (Jxy=1, Jz=0.5, h=0.1)",SPSA,4,-6.319619,-6.744563,0.424943,900,300,2.957
"XXZ (Jxy=1, Jz=0.5, h=0.1)",Diag-QNG,4,-6.74335,-6.744563,0.001212,9900,300,38.573
"XXZ (Jxy=1, Jz=0.5, h=0.1)",QN-SPSA,4,-1.515034,-6.744563,5.229528,1500,300,4.82
"XXZ (Jxy=1, Jz=0.5, h=0.1)",SIGMA-QGD v8.0,5,-6.744548,-6.744563,1.5e-05,9900,300,32.337
"XXZ (Jxy=1, Jz=0.5, h=0.1)",Adam (best),5,-6.744563,-6.744563,0.0,9900,300,30.976
"XXZ (Jxy=1, Jz=0.5, h=0.1)",COBYLA,5,-6.73778,-6.744563,0.006783,300,300,1.589
"XXZ (Jxy=1, Jz=0.5, h=0.1)",SPSA,5,-4.240821,-6.744563,2.503742,900,300,2.855
"XXZ (Jxy=1, Jz=0.5, h=0.1)",Diag-QNG,5,-6.744226,-6.744563,0.000336,9900,300,37.227
"XXZ (Jxy=1, Jz=0.5, h=0.1)",QN-SPSA,5,-1.163613,-6.744563,5.58095,1500,300,4.796
"XXZ (Jxy=1, Jz=0.5, h=0.1)",SIGMA-QGD v8.0,6,-6.744563,-6.744563,0.0,4983,151,15.863
"XXZ (Jxy=1, Jz=0.5, h=0.1)",Adam (best),6,-6.744563,-6.744563,0.0,9900,300,31.367
"XXZ (Jxy=1, Jz=0.5, h=0.1)",COBYLA,6,-6.711275,-6.744563,0.033288,300,300,1.604
"XXZ (Jxy=1, Jz=0.5, h=0.1)",SPSA,6,-5.807267,-6.744563,0.937295,900,300,3.052
"XXZ (Jxy=1, Jz=0.5, h=0.1)",Diag-QNG,6,-6.740655,-6.744563,0.003907,9900,300,37.723
"XXZ (Jxy=1, Jz=0.5, h=0.1)",QN-SPSA,6,-0.611128,-6.744563,6.133434,1500,300,4.755
"XXZ (Jxy=1, Jz=0.5, h=0.1)",SIGMA-QGD v8.0,7,-6.744563,-6.744563,0.0,4587,139,14.496
"XXZ (Jxy=1, Jz=0.5, h=0.1)",Adam (best),7,-6.744563,-6.744563,0.0,9900,300,31.789
"XXZ (Jxy=1, Jz=0.5, h=0.1)",COBYLA,7,-6.743559,-6.744563,0.001004,300,300,1.625
"XXZ (Jxy=1, Jz=0.5, h=0.1)",SPSA,7,-4.991267,-6.744563,1.753295,900,300,2.948
"XXZ (Jxy=1, Jz=0.5, h=0.1)",Diag-QNG,7,-6.743578,-6.744563,0.000984,9900,300,38.537
"XXZ (Jxy=1, Jz=0.5, h=0.1)",QN-SPSA,7,-0.65271,-6.744563,6.091853,1500,300,4.9
"XXZ (Jxy=1, Jz=0.5, h=0.1)",SIGMA-QGD v8.0,8,-6.74401,-6.744563,0.000552,9900,300,32.302
"XXZ (Jxy=1, Jz=0.5, h=0.1)",Adam (best),8,-6.744563,-6.744563,0.0,9900,300,31.731
"XXZ (Jxy=1, Jz=0.5, h=0.1)",COBYLA,8,-6.739208,-6.744563,0.005355,300,300,1.634
"XXZ (Jxy=1, Jz=0.5, h=0.1)",SPSA,8,-5.726688,-6.744563,1.017875,900,300,2.938
"XXZ (Jxy=1, Jz=0.5, h=0.1)",Diag-QNG,8,-6.744238,-6.744563,0.000325,9900,300,38.318
"XXZ (Jxy=1, Jz=0.5, h=0.1)",QN-SPSA,8,-1.244225,-6.744563,5.500338,1500,300,4.869
"XXZ (Jxy=1, Jz=0.5, h=0.1)",SIGMA-QGD v8.0,9,-6.744555,-6.744563,8e-06,9900,300,31.782
"XXZ (Jxy=1, Jz=0.5, h=0.1)",Adam (best),9,-6.744563,-6.744563,0.0,9900,300,31.913
"XXZ (Jxy=1, Jz=0.5, h=0.1)",COBYLA,9,-6.665966,-6.744563,0.078596,300,300,1.651
"XXZ (Jxy=1, Jz=0.5, h=0.1)",SPSA,9,-5.911428,-6.744563,0.833134,900,300,2.94
"XXZ (Jxy=1, Jz=0.5, h=0.1)",Diag-QNG,9,-6.738976,-6.744563,0.005587,9900,300,38.356
"XXZ (Jxy=1, Jz=0.5, h=0.1)",QN-SPSA,9,-0.587203,-6.744563,6.157359,1500,300,4.883
"XXZ (Jxy=1, Jz=0.5, h=0.1)",SIGMA-QGD v8.0,10,-6.744563,-6.744563,0.0,5115,155,16.497
"XXZ (Jxy=1, Jz=0.5, h=0.1)",Adam (best),10,-6.744563,-6.744563,0.0,9900,300,32.76
"XXZ (Jxy=1, Jz=0.5, h=0.1)",COBYLA,10,-6.614134,-6.744563,0.130428,300,300,1.609
"XXZ (Jxy=1, Jz=0.5, h=0.1)",SPSA,10,-5.834433,-6.744563,0.91013,900,300,3.131
"XXZ (Jxy=1, Jz=0.5, h=0.1)",Diag-QNG,10,-6.744473,-6.744563,8.9e-05,9900,300,39.642
"XXZ (Jxy=1, Jz=0.5, h=0.1)",QN-SPSA,10,-1.063966,-6.744563,5.680597,1500,300,4.902
"XXZ (Jxy=1, Jz=0.5, h=0.1)",SIGMA-QGD v8.0,11,-6.744303,-6.744563,0.00026,9900,300,32.133
"XXZ (Jxy=1, Jz=0.5, h=0.1)",Adam (best),11,-6.744563,-6.744563,0.0,9900,300,32.277
"XXZ (Jxy=1, Jz=0.5, h=0.1)",COBYLA,11,-6.73663,-6.744563,0.007933,300,300,1.655
"XXZ (Jxy=1, Jz=0.5, h=0.1)",SPSA,11,-6.421526,-6.744563,0.323037,900,300,2.925
"XXZ (Jxy=1, Jz=0.5, h=0.1)",Diag-QNG,11,-6.743786,-6.744563,0.000777,9900,300,39.781
"XXZ (Jxy=1, Jz=0.5, h=0.1)",QN-SPSA,11,-1.423188,-6.744563,5.321374,1500,300,4.947
"XXZ (Jxy=1, Jz=0.5, h=0.1)",SIGMA-QGD v8.0,12,-6.744562,-6.744563,0.0,5445,165,17.749
"XXZ (Jxy=1, Jz=0.5, h=0.1)",Adam (best),12,-6.744096,-6.744563,0.000467,9900,300,32.62
"XXZ (Jxy=1, Jz=0.5, h=0.1)",COBYLA,12,-6.743547,-6.744563,0.001016,300,300,1.617
"XXZ (Jxy=1, Jz=0.5, h=0.1)",SPSA,12,-5.52262,-6.744563,1.221942,900,300,2.858
"XXZ (Jxy=1, Jz=0.5, h=0.1)",Diag-QNG,12,-6.741199,-6.744563,0.003364,9900,300,39.744
"XXZ (Jxy=1, Jz=0.5, h=0.1)",QN-SPSA,12,-0.419917,-6.744563,6.324646,1500,300,5.121
"XXZ (Jxy=1, Jz=0.5, h=0.1)",SIGMA-QGD v8.0,13,-6.744562,-6.744563,0.0,6600,200,22.082
"XXZ (Jxy=1, Jz=0.5, h=0.1)",Adam (best),13,-4.249775,-6.744563,2.494787,9900,300,31.642
"XXZ (Jxy=1, Jz=0.5, h=0.1)",COBYLA,13,-6.703486,-6.744563,0.041077,300,300,1.615
"XXZ (Jxy=1, Jz=0.5, h=0.1)",SPSA,13,-3.724733,-6.744563,3.01983,900,300,2.928
"XXZ (Jxy=1, Jz=0.5, h=0.1)",Diag-QNG,13,-6.743434,-6.744563,0.001129,9900,300,38.521
"XXZ (Jxy=1, Jz=0.5, h=0.1)",QN-SPSA,13,-0.667389,-6.744563,6.077174,1500,300,4.857
"XXZ (Jxy=1, Jz=0.5, h=0.1)",SIGMA-QGD v8.0,14,-6.744558,-6.744563,5e-06,8019,243,26.06
"XXZ (Jxy=1, Jz=0.5, h=0.1)",Adam (best),14,-6.744563,-6.744563,0.0,9900,300,32.571
"XXZ (Jxy=1, Jz=0.5, h=0.1)",COBYLA,14,-6.738675,-6.744563,0.005887,300,300,1.704
"XXZ (Jxy=1, Jz=0.5, h=0.1)",SPSA,14,-6.588687,-6.744563,0.155876,900,300,3.172
"XXZ (Jxy=1, Jz=0.5, h=0.1)",Diag-QNG,14,-6.744066,-6.744563,0.000497,9900,300,39.025
"XXZ (Jxy=1, Jz=0.5, h=0.1)",QN-SPSA,14,-1.067911,-6.744563,5.676651,1500,300,4.975
